Node,CropType,BloodSugar,Production,WaterUsage,Affordability
0,Millet,0.9480211734771729,0.11264121532440186,0.0607752799987793,0.7736725807189941
1,Rice,0.5427553653717041,0.3359542489051819,0.7254882454872131,0.3861491084098816
2,Rice,0.345548152923584,0.9741092324256897,0.11352235078811646,0.455693781375885
3,Millet,0.6302063465118408,0.08390486240386963,0.42898476123809814,0.24907279014587402
4,Millet,0.7853538990020752,0.12546491622924805,0.26959651708602905,0.5991341471672058
5,Millet,0.3980412483215332,0.7010320425033569,0.1836087703704834,0.3405848741531372
6,Rice,0.9326758980751038,0.23543357849121094,0.022239863872528076,0.7049228549003601
7,Rice,0.5577580332756042,0.08898210525512695,0.6175743937492371,0.34654510021209717
8,Rice,0.9254785180091858,0.2835361361503601,0.36559873819351196,0.8940344452857971
9,Millet,0.0819351077079773,0.9931429624557495,0.02492624521255493,0.07976585626602173
0,Millet,0.2298591136932373,0.03775817155838013,0.013469576835632324,0.7258760333061218
1,Millet,0.7786720991134644,0.8327754139900208,0.8150510787963867,0.06558984518051147
2,Millet,0.5818188786506653,0.7584937214851379,0.3952636122703552,0.6962847709655762
3,Rice,0.956901490688324,0.8189824223518372,0.8390392661094666,0.6429008841514587
4,Rice,0.856335461139679,0.039135634899139404,0.35107332468032837,0.3003007769584656
5,Rice,0.2930164933204651,0.7774211764335632,0.2564029097557068,0.9699738621711731
6,Millet,0.7062419056892395,0.0838126540184021,0.980918288230896,0.7295153737068176
7,Rice,0.16245293617248535,0.5955712795257568,0.6668635010719299,0.28665757179260254
8,Rice,0.8302112817764282,0.43547558784484863,0.4244168996810913,0.2129746675491333
9,Millet,0.2760462760925293,0.1112944483757019,0.11918145418167114,0.747102677822113
0,Millet,0.5910220146179199,0.9035677313804626,0.32451415061950684,0.9866957068443298
1,Rice,0.3155289888381958,0.03112351894378662,0.9372488856315613,0.07665872573852539
2,Rice,0.1513867974281311,0.08051568269729614,0.5103015303611755,0.19840335845947266
3,Millet,0.0927765965461731,0.33456921577453613,0.5501251220703125,0.25411027669906616
4,Rice,0.46425336599349976,0.14001184701919556,0.5577600598335266,0.17105495929718018
5,Millet,0.4221090078353882,0.07313668727874756,0.22801315784454346,0.7795370817184448
6,Rice,0.8445771336555481,0.02307671308517456,0.29037797451019287,0.9033023118972778
7,Rice,0.2574952244758606,0.2865380048751831,0.3808659315109253,0.0613633394241333
8,Rice,0.23572462797164917,0.2668766379356384,0.8197623491287231,0.2336275577545166
9,Rice,0.5870832204818726,0.8885884284973145,0.9763396978378296,0.45608586072921753
0,Millet,0.31358951330184937,0.8427239656448364,0.7391987442970276,0.39539939165115356
1,Rice,0.8200886845588684,0.7854354381561279,0.5475245714187622,0.5160176157951355
2,Rice,0.7650638222694397,0.1712132692337036,0.18909168243408203,0.06393563747406006
3,Rice,0.9176680445671082,0.6138797998428345,0.5139612555503845,0.11940199136734009
4,Millet,0.28342562913894653,0.46005702018737793,0.24897772073745728,0.3869820237159729
5,Rice,0.36087942123413086,0.09903502464294434,0.2334633469581604,0.33005398511886597
6,Rice,0.5430258512496948,0.46059709787368774,0.6593749523162842,0.23614299297332764
7,Millet,0.5608047246932983,0.5460448265075684,0.1245880126953125,0.9283518195152283
8,Rice,0.15501165390014648,0.09321326017379761,0.3572443723678589,0.5641207098960876
9,Millet,0.1360960602760315,0.42555880546569824,0.8944815397262573,0.8765496611595154
0,Rice,0.13778692483901978,0.6146817803382874,0.8784314393997192,0.12061667442321777
1,Rice,0.3588147759437561,0.4720970392227173,0.2750081419944763,0.022734463214874268
2,Millet,0.16728579998016357,0.8756396174430847,0.009039700031280518,0.8342488408088684
3,Rice,0.6630297303199768,0.5064930319786072,0.012605428695678711,0.2083238959312439
4,Millet,0.9055705070495605,0.7280014753341675,0.9812365770339966,0.9812262058258057
5,Rice,0.18391776084899902,0.3980482816696167,0.5063589811325073,0.19599425792694092
6,Millet,0.16598564386367798,0.9103580713272095,0.14782994985580444,0.962843120098114
7,Rice,0.3570556640625,0.5442567467689514,0.29554861783981323,0.3282608389854431
8,Millet,0.5504183769226074,0.015524148941040039,0.030183076858520508,0.9117869734764099
9,Rice,0.022403478622436523,0.21140581369400024,0.9307982325553894,0.10349225997924805
0,Rice,0.38838380575180054,0.5105682015419006,0.15665411949157715,0.8303635716438293
1,Millet,0.42922312021255493,0.1367163062095642,0.4223530888557434,0.4356626272201538
2,Millet,0.9914952516555786,0.7605066895484924,0.868843138217926,0.5396020412445068
3,Millet,0.01630014181137085,0.2418195605278015,0.48491811752319336,0.5408691167831421
4,Millet,0.2199411392211914,0.16283869743347168,0.25347912311553955,0.44033801555633545
5,Millet,0.9802502393722534,0.5566549301147461,0.5642955303192139,0.110149085521698
6,Rice,0.2995237112045288,0.49457991123199463,0.7796925902366638,0.018530070781707764
7,Millet,0.05934035778045654,0.6883306503295898,0.8563253283500671,0.43622589111328125
8,Rice,0.25112295150756836,0.9374503493309021,0.426011860370636,0.07903629541397095
9,Millet,0.3659890294075012,0.7347713708877563,0.20778441429138184,0.7034885287284851
0,Rice,0.750178337097168,0.22247779369354248,0.2862446904182434,0.539203405380249
1,Rice,0.3784213662147522,0.2877272367477417,0.7749201059341431,0.5514938235282898
2,Rice,0.5940207242965698,0.3970411419868469,0.8812917470932007,0.29594916105270386
3,Millet,0.6042062640190125,0.702677309513092,0.5616876482963562,0.2080422043800354
4,Millet,0.6241443157196045,0.6220166683197021,0.9480433464050293,0.2192821502685547
5,Rice,0.05164462327957153,0.12849456071853638,0.29022228717803955,0.1833428144454956
6,Millet,0.4982972741127014,0.37123245000839233,0.015089631080627441,0.48708105087280273
7,Rice,0.8681344985961914,0.41798555850982666,0.13401293754577637,0.17656588554382324
8,Millet,0.3462603688240051,0.8805569410324097,0.46909981966018677,0.9965217709541321
9,Rice,0.28183817863464355,0.33190691471099854,0.31510448455810547,0.37022948265075684
0,Millet,0.3475056290626526,0.517458438873291,0.3335645794868469,0.08914333581924438
1,Rice,0.4400867223739624,0.38387566804885864,0.9148013591766357,0.159906268119812
2,Rice,0.5965613126754761,0.24491733312606812,0.6587422490119934,0.48734498023986816
3,Rice,0.034773826599121094,0.31601160764694214,0.5069692134857178,0.556123673915863
4,Rice,0.18808770179748535,0.6495145559310913,0.27320021390914917,0.9793472290039062
5,Millet,0.08749723434448242,0.14698797464370728,0.9730991721153259,0.5556356310844421
6,Millet,0.837866485118866,0.916211724281311,0.16897141933441162,0.4350495934486389
7,Rice,0.9002346396446228,0.4545043110847473,0.8885188698768616,0.4971166253089905
8,Millet,0.1041075587272644,0.23702925443649292,0.29925256967544556,0.8235405087471008
9,Rice,0.8087424039840698,0.30174726247787476,0.8826189041137695,0.7619659900665283
0,Rice,0.002786099910736084,0.18035250902175903,0.7057522535324097,0.41391444206237793
1,Millet,0.7742134928703308,0.5872781872749329,0.49485909938812256,0.6723743081092834
2,Rice,0.5762738585472107,0.11025989055633545,0.5656960606575012,0.8520211577415466
3,Millet,0.6647334694862366,0.08245569467544556,0.8403022289276123,0.693006694316864
4,Millet,0.6250174641609192,0.31377315521240234,0.1680516004562378,0.6086326241493225
5,Rice,0.4000335931777954,0.08632534742355347,0.7116622924804688,0.7090659141540527
6,Rice,0.08194869756698608,0.8454397916793823,0.4606115221977234,0.7194594740867615
7,Millet,0.11886966228485107,0.7171061038970947,0.7445046305656433,0.4017198085784912
8,Millet,0.10878556966781616,0.5889152884483337,0.6824987530708313,0.4528927206993103
9,Millet,0.2134302854537964,0.9072492718696594,0.07002240419387817,0.6772797703742981
0,Millet,0.24070501327514648,0.3691864013671875,0.04268604516983032,0.6870661973953247
1,Millet,0.7738629579544067,0.9676510691642761,0.870434582233429,0.6320862770080566
2,Millet,0.1504414677619934,0.1631503701210022,0.6263706088066101,0.5494434833526611
3,Millet,0.34489256143569946,0.10385721921920776,0.8673979640007019,0.4744257926940918
4,Rice,0.07705837488174438,0.000863194465637207,0.6300626397132874,0.3182101249694824
5,Rice,0.2576507329940796,0.1296740174293518,0.9870964288711548,0.6682196259498596
6,Millet,0.9938823580741882,0.6951635479927063,0.22153538465499878,0.32368242740631104
7,Rice,0.020286500453948975,0.05632352828979492,0.680079460144043,0.7662940621376038
8,Millet,0.9263789057731628,0.33599019050598145,0.05951201915740967,0.07621872425079346
9,Millet,0.4242597222328186,0.7160297632217407,0.15995502471923828,0.22806203365325928
0,Rice,0.38258427381515503,0.37315797805786133,0.44801217317581177,0.3160470128059387
1,Rice,0.45660191774368286,0.3978533148765564,0.7399787902832031,0.7259092330932617
2,Millet,0.10550689697265625,0.07437539100646973,0.049849748611450195,0.01678764820098877
3,Millet,0.7523683309555054,0.406618595123291,0.4557180404663086,0.38329148292541504
4,Rice,0.797753095626831,0.7525721788406372,0.20848959684371948,0.6213147640228271
5,Millet,0.677241325378418,0.5383139848709106,0.7010490894317627,0.2740905284881592
6,Millet,0.6863025426864624,0.6529043912887573,0.723142683506012,0.06537097692489624
7,Millet,0.3685572147369385,0.9439891576766968,0.24916720390319824,0.3112785220146179
8,Millet,0.1086723804473877,0.1465914249420166,0.4029051661491394,0.2036249041557312
9,Millet,0.742655336856842,0.917802631855011,0.6825588345527649,0.6328397393226624
0,Millet,0.7985199689865112,0.6168555021286011,0.9914906024932861,0.32422107458114624
1,Rice,0.4203912019729614,0.7273848652839661,0.7640646696090698,0.20013028383255005
2,Rice,0.5893280506134033,0.9938837885856628,0.3979259133338928,0.10701054334640503
3,Rice,0.8208757638931274,0.8790676593780518,0.31109315156936646,0.25548672676086426
4,Millet,0.9636222124099731,0.3440362215042114,0.07126671075820923,0.1242976188659668
5,Millet,0.897868812084198,0.8797380924224854,0.21847295761108398,0.9143803119659424
6,Rice,0.6381024718284607,0.9462903141975403,0.7579908967018127,0.853432297706604
7,Millet,0.08654791116714478,0.43629491329193115,0.36603009700775146,0.03669768571853638
8,Rice,0.5306168794631958,0.0849146842956543,0.6142770051956177,0.2188895344734192
9,Rice,0.09974950551986694,0.323733925819397,0.3223497271537781,0.3192647695541382
0,Rice,0.6863597631454468,0.5853745341300964,0.0430452823638916,0.24422764778137207
1,Millet,0.3477233052253723,0.3016752600669861,0.9515675902366638,0.7980255484580994
2,Millet,0.9329017996788025,0.36948084831237793,0.24921393394470215,0.06742864847183228
3,Millet,0.2135714292526245,0.7727348804473877,0.9600220918655396,0.3680216073989868
4,Millet,0.032191693782806396,0.8486912250518799,0.4832444190979004,0.10755592584609985
5,Millet,0.5735899209976196,0.5839362144470215,0.9597530961036682,0.10677587985992432
6,Rice,0.9775827527046204,0.8650100827217102,0.7078878879547119,0.7623183727264404
7,Millet,0.6390043497085571,0.15298473834991455,0.020020782947540283,0.36535054445266724
8,Rice,0.18963074684143066,0.5626227855682373,0.674435019493103,0.23310476541519165
9,Rice,0.5792815089225769,0.2629159092903137,0.9073506593704224,0.8467177152633667
0,Rice,0.6990602612495422,0.6948496103286743,0.47387945652008057,0.5252663493156433
1,Millet,0.055002689361572266,0.459720253944397,0.12975972890853882,0.5438829064369202
2,Millet,0.8125395774841309,0.8223717212677002,0.9443522691726685,0.8558389544487
3,Rice,0.31571894884109497,0.7741193175315857,0.6551476716995239,0.8780403733253479
4,Rice,0.24496233463287354,0.2223493456840515,0.7222568392753601,0.36777424812316895
5,Millet,0.40199142694473267,0.9982017278671265,0.5032755732536316,0.20302927494049072
6,Rice,0.12119144201278687,0.6437311768531799,0.9984818696975708,0.5123465657234192
7,Rice,0.7417975664138794,0.2784789204597473,0.22648954391479492,0.15912151336669922
8,Rice,0.016511201858520508,0.653541624546051,0.09615051746368408,0.7629563212394714
9,Millet,0.5075833797454834,0.08939510583877563,0.6457071900367737,0.7576817274093628
0,Millet,0.31997495889663696,0.9610829949378967,0.8630977869033813,0.16406726837158203
1,Rice,0.8114956021308899,0.9320966601371765,0.9626442790031433,0.6000999808311462
2,Rice,0.6737650632858276,0.8448390364646912,0.09335178136825562,0.8829225301742554
3,Rice,0.6646425724029541,0.6545183658599854,0.25369739532470703,0.24631792306900024
4,Rice,0.6664347052574158,0.7332899570465088,0.7490852475166321,0.6449479460716248
5,Millet,0.5906280279159546,0.5486599802970886,0.5755536556243896,0.21931082010269165
6,Millet,0.7250096797943115,0.6546778678894043,0.0029255151748657227,0.3868948817253113
7,Millet,0.25027894973754883,0.14424002170562744,0.6358557343482971,0.23051267862319946
8,Millet,0.1451709270477295,0.5571791529655457,0.33389103412628174,0.3368150591850281
9,Rice,0.7241398096084595,0.9354515671730042,0.7087895274162292,0.4272204041481018
0,Rice,0.8346545100212097,0.34927666187286377,0.5964981913566589,0.9061676263809204
1,Rice,0.04688519239425659,0.08004254102706909,0.19487059116363525,0.07822465896606445
2,Rice,0.8162814378738403,0.7922869920730591,0.16508251428604126,0.26219475269317627
3,Rice,0.6825376152992249,0.9193326830863953,0.03480792045593262,0.7455829977989197
4,Millet,0.6002791523933411,0.5832735896110535,0.7985545992851257,0.22915434837341309
5,Rice,0.6405237317085266,0.2532276511192322,0.36813968420028687,0.9472637176513672
6,Millet,0.039506733417510986,0.9011753797531128,0.404151976108551,0.1227065920829773
7,Rice,0.5691161155700684,0.8705673217773438,0.49623405933380127,0.970737636089325
8,Millet,0.021112024784088135,0.8056960105895996,0.634493350982666,0.9660388231277466
9,Rice,0.6913350820541382,0.25955039262771606,0.409415602684021,0.810213029384613
0,Millet,0.22229993343353271,0.8015453219413757,0.21343541145324707,0.8188914060592651
1,Rice,0.2118247151374817,0.27859926223754883,0.9388153553009033,0.7750709652900696
2,Rice,0.7558553218841553,0.5449397563934326,0.9516186714172363,0.006327927112579346
3,Millet,0.26080000400543213,0.7745599150657654,0.04297375679016113,0.22788554430007935
4,Rice,0.8382331728935242,0.18848496675491333,0.24560236930847168,0.18514734506607056
5,Millet,0.5045192241668701,0.2789667248725891,0.8349182605743408,0.09647464752197266
6,Rice,0.24980342388153076,0.547319233417511,0.28512299060821533,0.0041443705558776855
7,Millet,0.5654353499412537,0.9233707785606384,0.20043188333511353,0.8641670346260071
8,Rice,0.48597896099090576,0.20602208375930786,0.9128122329711914,0.22524046897888184
9,Millet,0.3104867935180664,0.47208333015441895,0.8881828784942627,0.003298819065093994
0,Rice,0.8885465860366821,0.9074174761772156,0.9052444100379944,0.5517870187759399
1,Millet,0.9695942997932434,0.6138613820075989,0.10949599742889404,0.10059559345245361
2,Rice,0.16501593589782715,0.18789613246917725,0.44243574142456055,0.09009820222854614
3,Rice,0.9716511368751526,0.5576706528663635,0.8543950915336609,0.30135518312454224
4,Rice,0.7318216562271118,0.7873757481575012,0.8443886041641235,0.01417762041091919
5,Rice,0.5677333474159241,0.7007657885551453,0.05028712749481201,0.8199013471603394
6,Millet,0.4032602310180664,0.4874989986419678,0.8615432977676392,0.027618706226348877
7,Millet,0.067679762840271,0.9069948792457581,0.7422888278961182,0.48414790630340576
8,Millet,0.5503401756286621,0.9608860015869141,0.8747015595436096,0.4426589608192444
9,Rice,0.08959490060806274,0.3175010085105896,0.5895835161209106,0.7715086340904236
0,Rice,0.49084120988845825,0.9581992030143738,0.5877014398574829,0.8075410723686218
1,Millet,0.9154804944992065,0.6587672233581543,0.9638849496841431,0.5728396773338318
2,Millet,0.21571683883666992,0.6770029067993164,0.522907555103302,0.6611782312393188
3,Rice,0.48450708389282227,0.8102542757987976,0.46843403577804565,0.0276031494140625
4,Millet,0.11497300863265991,0.961043119430542,0.4611082673072815,0.9125471711158752
5,Rice,0.7304279804229736,0.6374757885932922,0.398665189743042,0.9165672063827515
6,Millet,0.010585188865661621,0.07631361484527588,0.49723541736602783,0.850823700428009
7,Rice,0.5602359771728516,0.009416282176971436,0.7944701910018921,0.22572195529937744
8,Rice,0.580123245716095,0.27005696296691895,0.1748892068862915,0.47830480337142944
9,Rice,0.8044741153717041,0.3968614935874939,0.9681207537651062,0.6990952491760254
0,Rice,0.22281193733215332,0.9998437166213989,0.5513798594474792,0.9568638205528259
1,Millet,0.31537431478500366,0.32641416788101196,0.8503149151802063,0.2997720241546631
2,Millet,0.6691127419471741,0.8377084732055664,0.31136083602905273,0.9643569588661194
3,Rice,0.4710574150085449,0.5008935332298279,0.31882327795028687,0.6392618417739868
4,Millet,0.7181675434112549,0.7840304374694824,0.1410430669784546,0.7510961890220642
5,Millet,0.1628550887107849,0.6627238988876343,0.054305076599121094,0.9941359162330627
6,Millet,0.15609383583068848,0.5758097767829895,0.9477464556694031,0.3070495128631592
7,Millet,0.98954838514328,0.3488215208053589,0.9589280486106873,0.1735323667526245
8,Rice,0.3382173180580139,0.2174060344696045,0.11132824420928955,0.45045149326324463
9,Rice,0.23812365531921387,0.10143506526947021,0.7231815457344055,0.365806519985199
0,Millet,0.5682234764099121,0.6913442015647888,0.00394284725189209,0.08111536502838135
1,Rice,0.20881545543670654,0.12398678064346313,0.5638576149940491,0.15413236618041992
2,Rice,0.40280020236968994,0.4430920481681824,0.3218047022819519,0.3098719120025635
3,Rice,0.33534401655197144,0.5793561935424805,0.5826930999755859,0.7181257009506226
4,Rice,0.5310661196708679,0.8488936424255371,0.18776226043701172,0.1798999309539795
5,Millet,0.2224140763282776,0.2414068579673767,0.26467639207839966,0.5879639983177185
6,Rice,0.0496063232421875,0.6072572469711304,0.2631700038909912,0.13834238052368164
7,Rice,0.7714456915855408,0.8770291805267334,0.992626965045929,0.3281617760658264
8,Rice,0.2128409743309021,0.8814234137535095,0.42973488569259644,0.9261206984519958
9,Millet,0.649008572101593,0.7975346446037292,0.9176203012466431,0.5483355522155762
0,Millet,0.4069099426269531,0.7859670519828796,0.9193310737609863,0.23509997129440308
1,Millet,0.34182339906692505,0.9941427111625671,0.08663707971572876,0.21953779458999634
2,Rice,0.8652306795120239,0.871276319026947,0.6805136799812317,0.331115186214447
3,Rice,0.774456799030304,0.20210134983062744,0.8125308752059937,0.5609153509140015
4,Rice,0.7575872540473938,0.02693861722946167,0.11141061782836914,0.14223182201385498
5,Rice,0.7738264799118042,0.9647290110588074,0.5806034803390503,0.948395848274231
6,Millet,0.8805941343307495,0.18486833572387695,0.8879300355911255,0.11065304279327393
7,Millet,0.4085940718650818,0.8513304591178894,0.2877272367477417,0.1810055375099182
8,Rice,0.8519895076751709,0.06982982158660889,0.8709576725959778,0.5979942679405212
9,Rice,0.7405284643173218,0.8879097700119019,0.9788458347320557,0.5069408416748047
0,Millet,0.7114135026931763,0.5585759878158569,0.7682615518569946,0.40369683504104614
1,Millet,0.2832954525947571,0.5225312113761902,0.4087563753128052,0.6423738598823547
2,Millet,0.9749338626861572,0.14540380239486694,0.08607101440429688,0.4392489790916443
3,Rice,0.646919310092926,0.8391178846359253,0.5797873735427856,0.9514052271842957
4,Rice,0.6202041506767273,0.226887047290802,0.8336707949638367,0.6807089447975159
5,Millet,0.6972219944000244,0.9432088136672974,0.2373860478401184,0.44307512044906616
6,Millet,0.029873132705688477,0.0009707808494567871,0.299699068069458,0.7757768034934998
7,Millet,0.09064412117004395,0.578594982624054,0.6335151195526123,0.6099749207496643
8,Rice,0.38863468170166016,0.1372930407524109,0.27660852670669556,0.3637201189994812
9,Millet,0.13262403011322021,0.7417628169059753,0.48306775093078613,0.6000213623046875
0,Millet,0.9276383519172668,0.14919167757034302,0.9684763550758362,0.3911450505256653
1,Rice,0.5474210381507874,0.8571123480796814,0.19213426113128662,0.5350129008293152
2,Millet,0.5423556566238403,0.7866525650024414,0.9465803503990173,0.5935314893722534
3,Rice,0.9126541018486023,0.8043060302734375,0.6775203943252563,0.9414877891540527
4,Millet,0.2434403896331787,0.36604630947113037,0.5616946220397949,0.7280789017677307
5,Rice,0.18481314182281494,0.08020150661468506,0.5143123269081116,0.018260955810546875
6,Millet,0.7754518389701843,0.9987452626228333,0.1984226107597351,0.6466419696807861
7,Rice,0.8523256778717041,0.9445003867149353,0.7800240516662598,0.975006639957428
8,Millet,0.07151061296463013,0.3265661597251892,0.5054495334625244,0.5813425779342651
9,Rice,0.11695629358291626,0.8309932351112366,0.6502684354782104,0.021658897399902344
0,Millet,0.5031121373176575,0.7640786170959473,0.9900184273719788,0.41585105657577515
1,Rice,0.5919333696365356,0.44790542125701904,0.702401876449585,0.241665780544281
2,Millet,0.541774570941925,0.15951615571975708,0.5124676823616028,0.13131266832351685
3,Rice,0.6931213736534119,0.028028666973114014,0.4781720042228699,0.41601747274398804
4,Rice,0.1913231611251831,0.7719700932502747,0.43731480836868286,0.6258857250213623
5,Rice,0.8211022615432739,0.22476768493652344,0.8350009322166443,0.07065021991729736
6,Rice,0.8545843362808228,0.5544448494911194,0.851054310798645,0.37349528074264526
7,Rice,0.38940876722335815,0.2534394860267639,0.9658474326133728,0.7463200688362122
8,Millet,0.5690004825592041,0.5991787314414978,0.8554465174674988,0.38424384593963623
9,Rice,0.5714182257652283,0.8800773024559021,0.11784952878952026,0.4835427403450012
0,Millet,0.9072813987731934,0.3402595520019531,0.6478106379508972,0.46614980697631836
1,Millet,0.09072190523147583,0.9354210495948792,0.21777135133743286,0.0716780424118042
2,Millet,0.48303884267807007,0.9299789071083069,0.5106054544448853,0.6277695894241333
3,Rice,0.33333736658096313,0.6019583940505981,0.7461192011833191,0.7626049518585205
4,Millet,0.6712999939918518,0.9835802316665649,0.3081163763999939,0.7360000014305115
5,Rice,0.9897968769073486,0.9356335997581482,0.13139384984970093,0.05788332223892212
6,Rice,0.9987255930900574,0.7680083513259888,0.8805557489395142,0.5945034027099609
7,Rice,0.0911141037940979,0.3319717049598694,0.3041280508041382,0.17212414741516113
8,Millet,0.7370353937149048,0.15556198358535767,0.16414225101470947,0.3475344181060791
9,Rice,0.285400927066803,0.35015106201171875,0.4830372929573059,0.11722660064697266
0,Millet,0.41401851177215576,0.666517436504364,0.7353035807609558,0.9432818293571472
1,Millet,0.9014608860015869,0.8849791884422302,0.41891390085220337,0.17696475982666016
2,Millet,0.8115532398223877,0.4955279231071472,0.026892900466918945,0.6885679364204407
3,Millet,0.3647197484970093,0.7673391699790955,0.958957314491272,0.6609705090522766
4,Millet,0.07179617881774902,0.32746386528015137,0.3343018889427185,0.48177391290664673
5,Millet,0.5858644247055054,0.9746613502502441,0.2846361994743347,0.8704643249511719
6,Rice,0.9563751220703125,0.49349069595336914,0.2461148500442505,0.021900534629821777
7,Millet,0.9523674845695496,0.6687063574790955,0.48688751459121704,0.5153502225875854
8,Rice,0.8356694579124451,0.5433553457260132,0.3895866870880127,0.21865952014923096
9,Rice,0.2455434799194336,0.8345248103141785,0.25668370723724365,0.9065773487091064
0,Rice,0.3251867890357971,0.03248333930969238,0.31713682413101196,0.3330748677253723
1,Millet,0.7123399376869202,0.9919273257255554,0.9785851240158081,0.7299832701683044
2,Millet,0.9459832906723022,0.06217271089553833,0.24095332622528076,0.7795541882514954
3,Millet,0.7899112105369568,0.9025951623916626,0.7536414861679077,0.8577856421470642
4,Millet,0.29998689889907837,0.11273419857025146,0.8018869161605835,0.2827165722846985
5,Millet,0.7269002199172974,0.19713687896728516,0.788424551486969,0.7591749429702759
6,Millet,0.11945909261703491,0.10544204711914062,0.6809359788894653,0.9492199420928955
7,Rice,0.30192816257476807,0.5234846472740173,0.7892786264419556,0.7686876058578491
8,Millet,0.2757863998413086,0.45979398488998413,0.17650610208511353,0.9442973136901855
9,Millet,0.009212672710418701,0.5012065172195435,0.7685350775718689,0.24911105632781982
0,Millet,0.10927397012710571,0.6543640494346619,0.46946531534194946,0.14014804363250732
1,Millet,0.5187627673149109,0.5460146069526672,0.6460578441619873,0.5448442697525024
2,Rice,0.8558010458946228,0.27528655529022217,0.039012014865875244,0.8226122260093689
3,Millet,0.7257825136184692,0.45463353395462036,0.6995359063148499,0.29127365350723267
4,Millet,0.22189557552337646,0.6292852163314819,0.8951951861381531,0.878305971622467
5,Rice,0.07472085952758789,0.23125308752059937,0.31324851512908936,0.831173837184906
6,Rice,0.38800376653671265,0.3970213532447815,0.9075886011123657,0.9205186367034912
7,Rice,0.45416146516799927,0.05455482006072998,0.4207671284675598,0.9947220087051392
8,Rice,0.055447280406951904,0.9233964085578918,0.5956628918647766,0.04910010099411011
9,Millet,0.8770915865898132,0.49259787797927856,0.7378573417663574,0.6334786415100098
0,Millet,0.4920501112937927,0.3285255432128906,0.563370943069458,0.6943283677101135
1,Rice,0.9744530916213989,0.07756364345550537,0.2169153094291687,0.09022575616836548
2,Millet,0.7707231640815735,0.21665555238723755,0.6243435740470886,0.6872922778129578
3,Rice,0.7407179474830627,0.8850751519203186,0.8250420093536377,0.9434547424316406
4,Millet,0.8762821555137634,0.3002650737762451,0.7879126667976379,0.9402421116828918
5,Millet,0.2030434012413025,0.9884627461433411,0.864549994468689,0.9979966878890991
6,Rice,0.23360967636108398,0.7821875214576721,0.12013745307922363,0.3024289011955261
7,Millet,0.46810078620910645,0.5146452188491821,0.03521430492401123,0.07327157258987427
8,Millet,0.9751794338226318,0.7004283666610718,0.8630712628364563,0.5354272723197937
9,Rice,0.17365509271621704,0.7916393876075745,0.6731103658676147,0.6497734785079956
0,Rice,0.17038774490356445,0.14749175310134888,0.6216498017311096,0.8321070671081543
1,Rice,0.06643861532211304,0.09581494331359863,0.32211220264434814,0.7286589741706848
2,Rice,0.44056302309036255,0.7634263634681702,0.7475661039352417,0.6925581693649292
3,Rice,0.7692620754241943,0.6162098050117493,0.2576298713684082,0.8841753005981445
4,Millet,0.8177381753921509,0.7502568364143372,0.661617636680603,0.7806253433227539
5,Millet,0.6721382737159729,0.6147804260253906,0.518717348575592,0.836493730545044
6,Millet,0.24189209938049316,0.492792010307312,0.042281270027160645,0.9938032627105713
7,Millet,0.34665942192077637,0.084999680519104,0.6341496706008911,0.5678378939628601
8,Rice,0.6675145030021667,0.7801353931427002,0.5792859792709351,0.4032047986984253
9,Millet,0.5299442410469055,0.8639529347419739,0.9441846609115601,0.3753993511199951
0,Rice,0.691163957118988,0.2127658724784851,0.395261287689209,0.8764240145683289
1,Rice,0.627650797367096,0.2709784507751465,0.907442033290863,0.36849546432495117
2,Rice,0.3295190930366516,0.4185854196548462,0.6657800078392029,0.1635083556175232
3,Rice,0.9931840896606445,0.07802248001098633,0.6066596508026123,0.2919212579727173
4,Rice,0.49855363368988037,0.25729215145111084,0.7343155145645142,0.5704873204231262
5,Millet,0.06729358434677124,0.17068374156951904,0.5612565875053406,0.6588862538337708
6,Rice,0.3147214651107788,0.7213116884231567,0.9780933856964111,0.15474724769592285
7,Millet,0.5541146993637085,0.821407675743103,0.1819089651107788,0.8741605877876282
8,Rice,0.5042058825492859,0.8283566832542419,0.42487233877182007,0.4244149923324585
9,Rice,0.36210936307907104,0.09893840551376343,0.572721540927887,0.35655367374420166
0,Millet,0.7009810209274292,0.6911877989768982,0.6356294751167297,0.19256895780563354
1,Millet,0.9264633059501648,0.8692528009414673,0.1288960576057434,0.7691187262535095
2,Rice,0.29386967420578003,0.880586564540863,0.9301408529281616,0.7254174947738647
3,Rice,0.9145470261573792,0.8641689419746399,0.4541909694671631,0.4867546558380127
4,Rice,0.2596699595451355,0.6335180401802063,0.21629267930984497,0.4920297861099243
5,Rice,0.7616378664970398,0.15457969903945923,0.8562615513801575,0.02454507350921631
6,Rice,0.9199986457824707,0.42283833026885986,0.8481873273849487,0.413641095161438
7,Millet,0.8103803396224976,0.7000182867050171,0.515560507774353,0.7296856641769409
8,Rice,0.07528549432754517,0.5593301653862,0.3514559268951416,0.6005316972732544
9,Millet,0.683377742767334,0.7336968183517456,0.821194589138031,0.8828414082527161
0,Rice,0.477630615234375,0.6664342880249023,0.9951355457305908,0.1444719433784485
1,Millet,0.08582895994186401,0.5886301398277283,0.47426867485046387,0.7655203342437744
2,Millet,0.5428106784820557,0.5216456651687622,0.6899861097335815,0.30235379934310913
3,Millet,0.7820937633514404,0.28517746925354004,0.6162446141242981,0.2506304383277893
4,Millet,0.08236491680145264,0.8405226469039917,0.6179445385932922,0.6809626817703247
5,Millet,0.2896443009376526,0.11392056941986084,0.1495763063430786,0.32153040170669556
6,Millet,0.6517602801322937,0.5166624188423157,0.5548118948936462,0.08953166007995605
7,Millet,0.8923251628875732,0.6020787358283997,0.33747947216033936,0.5985915660858154
8,Rice,0.879217803478241,0.20831942558288574,0.8926148414611816,0.8564677834510803
9,Millet,0.14654529094696045,0.3554057478904724,0.5346404910087585,0.6524479389190674
0,Millet,0.8993374109268188,0.5531396269798279,0.8795262575149536,0.6727861762046814
1,Rice,0.6611873507499695,0.18657904863357544,0.814756453037262,0.6119884848594666
2,Rice,0.3459283709526062,0.46035903692245483,0.14535796642303467,0.7789406180381775
3,Rice,0.13408732414245605,0.014553546905517578,0.4377012252807617,0.06996601819992065
4,Rice,0.4203241467475891,0.3179571032524109,0.4946140646934509,0.3224943280220032
5,Rice,0.21688342094421387,0.748769998550415,0.696516215801239,0.6259134411811829
6,Millet,0.5221603512763977,0.20129501819610596,0.9808476567268372,0.9072183966636658
7,Millet,0.6754838824272156,0.7000462412834167,0.35935819149017334,0.24351656436920166
8,Millet,0.07383251190185547,0.3097551465034485,0.5181145668029785,0.45417386293411255
9,Rice,0.708543062210083,0.8298027515411377,0.9091368913650513,0.2679615020751953
0,Rice,0.5481183528900146,0.38819950819015503,0.7757327556610107,0.6913960576057434
1,Rice,0.6204042434692383,0.7573615908622742,0.2929266095161438,0.49064791202545166
2,Millet,0.5435763001441956,0.8884320259094238,0.23309636116027832,0.5240517258644104
3,Rice,0.5455873608589172,0.9709636569023132,0.3811783194541931,0.9366697669029236
4,Millet,0.10643857717514038,0.8202970027923584,0.9819748401641846,0.06254476308822632
5,Rice,0.8132126331329346,0.7258367538452148,0.16440337896347046,0.5047476887702942
6,Rice,0.6773796677589417,0.7947946786880493,0.7989886403083801,0.8325506448745728
7,Millet,0.2756354808807373,0.3908894658088684,0.8725754618644714,0.4910814166069031
8,Millet,0.1476231813430786,0.45779651403427124,0.47704070806503296,0.3548237085342407
9,Rice,0.695955753326416,0.12520712614059448,0.044036269187927246,0.35576844215393066
0,Millet,0.32970112562179565,0.4939713478088379,0.9124593734741211,0.3495903015136719
1,Rice,0.3641481399536133,0.4127287268638611,0.967848539352417,0.7218955755233765
2,Millet,0.7440435886383057,0.8297226428985596,0.7377748489379883,0.8701713681221008
3,Rice,0.8407729268074036,0.35972559452056885,0.5152100324630737,0.7489729523658752
4,Rice,0.2721746563911438,0.5291991233825684,0.8375601768493652,0.36316347122192383
5,Rice,0.18045967817306519,0.07973676919937134,0.9730700254440308,0.7883216142654419
6,Millet,0.5907222032546997,0.8858550190925598,0.36839383840560913,0.3936975598335266
7,Millet,0.7065392732620239,0.8294059634208679,0.3785724639892578,0.13001763820648193
8,Millet,0.26021838188171387,0.5600504279136658,0.008908867835998535,0.9560091495513916
9,Rice,0.5488379597663879,0.8524540662765503,0.39795535802841187,0.07958805561065674
0,Rice,0.16703492403030396,0.5610976815223694,0.8236716389656067,0.5997130274772644
1,Millet,0.383855402469635,0.717785656452179,0.32300716638565063,0.5259883999824524
2,Millet,0.9303424954414368,0.542213499546051,0.5683175325393677,0.36662518978118896
3,Rice,0.4613914489746094,0.8188628554344177,0.5258229374885559,0.36314815282821655
4,Millet,0.5269014239311218,0.3917689323425293,0.8729976415634155,0.4128878116607666
5,Rice,0.9035993814468384,0.4538366198539734,0.9166457056999207,0.5370538830757141
6,Millet,0.16430038213729858,0.7043882608413696,0.4098167419433594,0.4445124864578247
7,Millet,0.17924898862838745,0.13920313119888306,0.9867773056030273,0.7487161159515381
8,Millet,0.8119853734970093,0.5566547513008118,0.76656174659729,0.9304041862487793
9,Millet,0.10119509696960449,0.8270397186279297,0.39464783668518066,0.5279549360275269
0,Millet,0.25477516651153564,0.6710545420646667,0.20781171321868896,0.7003064155578613
1,Rice,0.630426287651062,0.3946796655654907,0.16121357679367065,0.7901633381843567
2,Millet,0.24548929929733276,0.8960607647895813,0.7188150882720947,0.15449535846710205
3,Millet,0.7242297530174255,0.5158219933509827,0.7601948380470276,0.615825355052948
4,Rice,0.7569088935852051,0.8468122482299805,0.884021520614624,0.4452463388442993
5,Millet,0.06005740165710449,0.21182513236999512,0.09295445680618286,0.7796259522438049
6,Millet,0.41753602027893066,0.4085606336593628,0.0409238338470459,0.18283450603485107
7,Millet,0.165117084980011,0.8445729613304138,0.29731976985931396,0.3798940181732178
8,Rice,0.5850211381912231,0.11708086729049683,0.7359871864318848,0.9340395331382751
9,Rice,0.1939341425895691,0.561907947063446,0.8299039006233215,0.6034717559814453
0,Millet,0.3705596327781677,0.8470965623855591,0.2703593969345093,0.8411676287651062
1,Millet,0.04287266731262207,0.43367254734039307,0.7276740074157715,0.15309208631515503
2,Millet,0.0297585129737854,0.1546650528907776,0.46138012409210205,0.56779944896698
3,Rice,0.22338265180587769,0.625540554523468,0.27316147089004517,0.8238619565963745
4,Millet,0.9824221134185791,0.04937857389450073,0.4006330966949463,0.26203101873397827
5,Millet,0.749392032623291,0.3716117739677429,0.577053964138031,0.9319109320640564
6,Rice,0.4073575735092163,0.7046418786048889,0.29256123304367065,0.42065954208374023
7,Millet,0.09975987672805786,0.5129678249359131,0.8196156620979309,0.43906307220458984
8,Millet,0.2018846869468689,0.7666893005371094,0.2277008295059204,0.9891853928565979
9,Rice,0.19549059867858887,0.2757299542427063,0.6021263003349304,0.4598563313484192
0,Millet,0.6025642156600952,0.08487707376480103,0.09384989738464355,0.5780108571052551
1,Rice,0.5761894583702087,0.40085405111312866,0.06419658660888672,0.4361201524734497
2,Rice,0.0721864104270935,0.8409357070922852,0.8355183601379395,0.14058566093444824
3,Millet,0.5661441087722778,0.7648537755012512,0.17365604639053345,0.9874839186668396
4,Millet,0.3067665100097656,0.7597380876541138,0.9394251108169556,0.5314426422119141
5,Rice,0.24634122848510742,0.0818413496017456,0.912164032459259,0.8330734968185425
6,Rice,0.42778897285461426,0.8830219507217407,0.09827899932861328,0.5875139832496643
7,Millet,0.8966508507728577,0.8754181265830994,0.5598952770233154,0.5019052624702454
8,Rice,0.21340644359588623,0.476284921169281,0.7876557111740112,0.6561580896377563
9,Rice,0.00699228048324585,0.4041396379470825,0.3058769106864929,0.43751096725463867
0,Millet,0.10612291097640991,0.7248008251190186,0.7189745903015137,0.29147398471832275
1,Millet,0.7690566778182983,0.5951484441757202,0.2990846037864685,0.00668710470199585
2,Millet,0.5870041847229004,0.12593001127243042,0.13385039567947388,0.533638060092926
3,Millet,0.1299077272415161,0.8092758655548096,0.06509906053543091,0.08746814727783203
4,Rice,0.4215047359466553,0.5591756701469421,0.5842875242233276,0.9762253165245056
5,Rice,0.7748387455940247,0.22285115718841553,0.27562904357910156,0.0967944860458374
6,Millet,0.23881560564041138,0.6766589283943176,0.6393336653709412,0.9518985748291016
7,Rice,0.9572539925575256,0.4148261547088623,0.6084514856338501,0.14997297525405884
8,Rice,0.07080262899398804,0.5281819105148315,0.9640605449676514,0.7639476656913757
9,Millet,0.08577156066894531,0.38322269916534424,0.6340699195861816,0.5041847825050354
0,Rice,0.7290119528770447,0.19288140535354614,0.6578190922737122,0.8083186149597168
1,Rice,0.7150006890296936,0.686734139919281,0.8529503345489502,0.8651675581932068
2,Rice,0.7732418775558472,0.036402225494384766,0.9014107584953308,0.1270763874053955
3,Millet,0.2569214701652527,0.30835288763046265,0.6544908285140991,0.5746431350708008
4,Millet,0.7255327105522156,0.7312774658203125,0.5536750555038452,0.2831396460533142
5,Millet,0.8794801831245422,0.8737487196922302,0.5378952026367188,0.5273178815841675
6,Rice,0.5036122798919678,0.11545407772064209,0.3982415199279785,0.24147379398345947
7,Rice,0.9100731611251831,0.6303726434707642,0.7279897928237915,0.5074091553688049
8,Millet,0.7041959166526794,0.2199106216430664,0.21826958656311035,0.835147500038147
9,Rice,0.9238519668579102,0.4959125518798828,0.09784567356109619,0.08893007040023804
0,Rice,0.04357612133026123,0.29081928730010986,0.4800525903701782,0.03870898485183716
1,Rice,0.4870905876159668,0.008587837219238281,0.925295889377594,0.8459228873252869
2,Rice,0.03462553024291992,0.398626446723938,0.2557936906814575,0.5973154306411743
3,Rice,0.8197630643844604,0.9807969331741333,0.975418746471405,0.8893349170684814
4,Rice,0.49413877725601196,0.5843803882598877,0.9356586933135986,0.09077012538909912
5,Millet,0.28816527128219604,0.5523396134376526,0.9911537766456604,0.5058185458183289
6,Rice,0.37722617387771606,0.030890226364135742,0.10328871011734009,0.6135035753250122
7,Rice,0.3219678997993469,0.6039547920227051,0.43828052282333374,0.9693464040756226
8,Rice,0.5141851902008057,0.6305721998214722,0.12404841184616089,0.10931277275085449
9,Rice,0.9259153008460999,0.4195535182952881,0.5862180590629578,0.056025028228759766
0,Millet,0.11870300769805908,0.6043576598167419,0.4247437119483948,0.4272754192352295
1,Millet,0.48563212156295776,0.636313796043396,0.005810797214508057,0.6294397711753845
2,Rice,0.9537538886070251,0.14888864755630493,0.4565720558166504,0.6882916688919067
3,Millet,0.957472562789917,0.9626230597496033,0.40609055757522583,0.18536698818206787
4,Rice,0.8380398750305176,0.4709888696670532,0.2532973289489746,0.1864159107208252
5,Millet,0.8333064913749695,0.20988410711288452,0.2668015956878662,0.4032739996910095
6,Rice,0.6352040767669678,0.20209044218063354,0.0715363621711731,0.0890764594078064
7,Millet,0.017261147499084473,0.7737748026847839,0.1437227725982666,0.500494122505188
8,Millet,0.5501514673233032,0.700031578540802,0.8172227740287781,0.8872760534286499
9,Millet,0.6678085327148438,0.4252539873123169,0.3490930199623108,0.7887126803398132
0,Millet,0.9594965577125549,0.7548699378967285,0.43958544731140137,0.22050034999847412
1,Rice,0.3746180534362793,0.2574571967124939,0.5168215036392212,0.8592812418937683
2,Millet,0.6577226519584656,0.1611272692680359,0.950868546962738,0.44294917583465576
3,Rice,0.0046402812004089355,0.8494400978088379,0.3140736222267151,0.8331874012947083
4,Millet,0.9809985756874084,0.49664735794067383,0.4207255244255066,0.560607373714447
5,Millet,0.168016254901886,0.9031811356544495,0.36646515130996704,0.64112788438797
6,Rice,0.6216017007827759,0.6961040496826172,0.8762547969818115,0.2895420789718628
7,Millet,0.6045733094215393,0.9411289095878601,0.29663604497909546,0.06132614612579346
8,Rice,0.3139481544494629,0.4655633568763733,0.870477020740509,0.22118210792541504
9,Rice,0.1940026879310608,0.8255237340927124,0.8611056804656982,0.08164060115814209
0,Rice,0.687623143196106,0.4259522557258606,0.26804566383361816,0.9395782351493835
1,Millet,0.20699775218963623,0.12440448999404907,0.1274111270904541,0.7862256169319153
2,Millet,0.19870179891586304,0.5176364183425903,0.8593268990516663,0.38801461458206177
3,Millet,0.7188134789466858,0.16629141569137573,0.8810070157051086,0.20839667320251465
4,Millet,0.4586053490638733,0.2258417010307312,0.15009957551956177,0.890078604221344
5,Millet,0.3372991681098938,0.8701931238174438,0.5436646938323975,0.770870566368103
6,Millet,0.5270540714263916,0.5792311429977417,0.5281530618667603,0.11322146654129028
7,Rice,0.6813195943832397,0.6384053826332092,0.6888933181762695,0.7499590516090393
8,Millet,0.7728976607322693,0.5052697658538818,0.1840881109237671,0.4415467381477356
9,Rice,0.1884443163871765,0.28798967599868774,0.1143142580986023,0.9340621829032898
0,Millet,0.3009234070777893,0.5314095616340637,0.0043291449546813965,0.2701066732406616
1,Millet,0.33486753702163696,0.8111971616744995,0.31262463331222534,0.698893666267395
2,Rice,0.17854738235473633,0.9148001074790955,0.422252893447876,0.8474444150924683
3,Rice,0.9041211009025574,0.6293079257011414,0.4462735652923584,0.2003135085105896
4,Rice,0.5619310140609741,0.824292778968811,0.46301621198654175,0.3446781635284424
5,Millet,0.8389336466789246,0.9167680144309998,0.9108448624610901,0.25810301303863525
6,Millet,0.9301419854164124,0.7305765151977539,0.8543062806129456,0.9480323791503906
7,Rice,0.4238892197608948,0.6932250261306763,0.920415997505188,0.3133775591850281
8,Rice,0.747973620891571,0.42310941219329834,0.6304486393928528,0.08725982904434204
9,Millet,0.5956728458404541,0.1809791922569275,0.0009456872940063477,0.4897957444190979
0,Rice,0.4688571095466614,0.201266348361969,0.4435553550720215,0.30411094427108765
1,Millet,0.09189587831497192,0.8666122555732727,0.5346571803092957,0.23305171728134155
2,Rice,0.9755493402481079,0.5603622198104858,0.32153964042663574,0.11306095123291016
3,Millet,0.2542533874511719,0.8335192799568176,0.7697194218635559,0.330702006816864
4,Millet,0.0659416913986206,0.136216938495636,0.5384775400161743,0.5475292205810547
5,Millet,0.5864925980567932,0.755744993686676,0.43928253650665283,0.455247700214386
6,Rice,0.6199972629547119,0.1294327974319458,0.2815799117088318,0.12499713897705078
7,Millet,0.5198825001716614,0.06459671258926392,0.6668626666069031,0.9046555757522583
8,Rice,0.7314189076423645,0.8497444987297058,0.49038267135620117,0.46077966690063477
9,Rice,0.549411952495575,0.9297057390213013,0.2067229151725769,0.6846755743026733
0,Millet,0.2129591703414917,0.5658717751502991,0.06346070766448975,0.9286260604858398
1,Millet,0.2950877547264099,0.07474344968795776,0.9004878401756287,0.6507553458213806
2,Rice,0.6566852927207947,0.23800724744796753,0.7419052124023438,0.1947009563446045
3,Rice,0.4926098585128784,0.7553566098213196,0.9980756044387817,0.9780762195587158
4,Millet,0.8944875001907349,0.7396829724311829,0.23468363285064697,0.22607988119125366
5,Millet,0.20236927270889282,0.14699792861938477,0.04789763689041138,0.70265132188797
6,Rice,0.2864243984222412,0.9696363806724548,0.28162771463394165,0.9850609302520752
7,Rice,0.1888747215270996,0.8962288498878479,0.06455689668655396,0.5037605166435242
8,Rice,0.6854775547981262,0.93621826171875,0.8183813691139221,0.07054781913757324
9,Rice,0.4318684935569763,0.46383440494537354,0.32965439558029175,0.23595303297042847
0,Rice,0.7574889659881592,0.8260570168495178,0.18749451637268066,0.864189863204956
1,Rice,0.18720752000808716,0.7392265796661377,0.8197970986366272,0.11940854787826538
2,Rice,0.21489232778549194,0.3357747197151184,0.9142417907714844,0.5145468711853027
3,Rice,0.14129561185836792,0.5628270506858826,0.2842087745666504,0.7760612368583679
4,Rice,0.5193517208099365,0.6526700258255005,0.16219288110733032,0.5850889086723328
5,Millet,0.39480215311050415,0.8774303197860718,0.8910055160522461,0.7888104319572449
6,Rice,0.8263697624206543,0.5987868905067444,0.916847825050354,0.3179340362548828
7,Rice,0.35168707370758057,0.7696340680122375,0.34472113847732544,0.6210582256317139
8,Rice,0.8936240673065186,0.40714800357818604,0.7898845076560974,0.7840787172317505
9,Rice,0.2158070206642151,0.2013748288154602,0.4270126223564148,0.8570133447647095
0,Millet,0.8192591667175293,0.5381165742874146,0.39930057525634766,0.9066919088363647
1,Millet,0.3169471025466919,0.11583858728408813,0.3096170425415039,0.6145774126052856
2,Millet,0.5553122162818909,0.12666213512420654,0.7507528066635132,0.008414983749389648
3,Rice,0.5487664341926575,0.6322023272514343,0.9866303205490112,0.372070848941803
4,Millet,0.2789041996002197,0.5551350116729736,0.81690514087677,0.32257914543151855
5,Millet,0.782311201095581,0.5305531024932861,0.8426624536514282,0.1774614453315735
6,Millet,0.27269941568374634,0.5580365657806396,0.7035440802574158,0.38828301429748535
7,Rice,0.8797406554222107,0.955012321472168,0.35512566566467285,0.19437015056610107
8,Rice,0.28487759828567505,0.5345193147659302,0.36770719289779663,0.3364579677581787
9,Millet,0.44169580936431885,0.8071849346160889,0.10775488615036011,0.6879824995994568
0,Millet,0.101787269115448,0.6158009767532349,0.46630311012268066,0.4661175608634949
1,Millet,0.8139484524726868,0.5754592418670654,0.3309437036514282,0.0357896089553833
2,Rice,0.9907346963882446,0.7263709306716919,0.052918076515197754,0.44190269708633423
3,Millet,0.4699038863182068,0.0883110761642456,0.45392048358917236,0.44386428594589233
4,Millet,0.5584349632263184,0.395729124546051,0.8366233706474304,0.30981647968292236
5,Rice,0.8286049962043762,0.07691347599029541,0.4362497329711914,0.3566199541091919
6,Millet,0.4055612087249756,0.18334561586380005,0.37035566568374634,0.9161492586135864
7,Rice,0.299670934677124,0.8907830119132996,0.3443811535835266,0.5819529891014099
8,Rice,0.7191179394721985,0.9371970891952515,0.5108925104141235,0.40388715267181396
9,Millet,0.21107912063598633,0.4461190700531006,0.5578050017356873,0.975572407245636
0,Rice,0.7613891959190369,0.19267845153808594,0.2989647388458252,0.5546669363975525
1,Millet,0.8635485768318176,0.5512852072715759,0.5872396230697632,0.5863632559776306
2,Millet,0.49443554878234863,0.3882642984390259,0.19024711847305298,0.907757580280304
3,Rice,0.1381503939628601,0.7446963787078857,0.15658241510391235,0.1472277045249939
4,Millet,0.018522322177886963,0.2870458960533142,0.04951411485671997,0.3015071749687195
5,Millet,0.11894536018371582,0.014918088912963867,0.8827295899391174,0.11486196517944336
6,Rice,0.3104994297027588,0.951637864112854,0.3627898097038269,0.4271734356880188
7,Rice,0.8185099959373474,0.45659852027893066,0.8605052828788757,0.7606058120727539
8,Rice,0.622359573841095,0.8078495860099792,0.8720683455467224,0.5951066017150879
9,Rice,0.8146188259124756,0.31668293476104736,0.46546852588653564,0.4536219835281372
0,Millet,0.528695285320282,0.7100548148155212,0.9834714531898499,0.2586454153060913
1,Millet,0.10648870468139648,0.8643013834953308,0.6692613959312439,0.6444306373596191
2,Rice,0.48597002029418945,0.5727559328079224,0.5097659230232239,0.44523704051971436
3,Millet,0.23719418048858643,0.5743526816368103,0.1710224151611328,0.47371774911880493
4,Millet,0.4723432660102844,0.03535187244415283,0.4569748640060425,0.7370606064796448
5,Millet,0.26440227031707764,0.6396206617355347,0.3808426260948181,0.38107991218566895
6,Rice,0.43645721673965454,0.9098430275917053,0.6881884932518005,0.22300457954406738
7,Millet,0.01617342233657837,0.6318232417106628,0.9552983641624451,0.924577534198761
8,Rice,0.8738493919372559,0.21556365489959717,0.402812123298645,0.7121924161911011
9,Rice,0.8876908421516418,0.8469781875610352,0.2683538794517517,0.22764164209365845
0,Millet,0.2662753462791443,0.018410921096801758,0.4877498745918274,0.6398460268974304
1,Rice,0.9493944644927979,0.9900003671646118,0.6369200944900513,0.7986095547676086
2,Rice,0.17566758394241333,0.5014159679412842,0.31689453125,0.3932874798774719
3,Rice,0.2354525923728943,0.29413753747940063,0.2792872190475464,0.3075796961784363
4,Millet,0.9027482867240906,0.8126583099365234,0.22557199001312256,0.9066562056541443
5,Millet,0.08971512317657471,0.5720604658126831,0.7554965615272522,0.054482221603393555
6,Rice,0.2740045189857483,0.005434572696685791,0.5554960370063782,0.38047927618026733
7,Rice,0.7835912704467773,0.05731290578842163,0.6935367584228516,0.3061208724975586
8,Rice,0.5168547034263611,0.47021520137786865,0.5743067860603333,0.8994812965393066
9,Rice,0.7412531971931458,0.8956109881401062,0.21656793355941772,0.4692968726158142
0,Rice,0.5605775713920593,0.7048385739326477,0.8669508695602417,0.27375680208206177
1,Millet,0.569542407989502,0.9353181719779968,0.8959934115409851,0.6065775752067566
2,Rice,0.7312666177749634,0.9533736705780029,0.8330349922180176,0.3409090042114258
3,Millet,0.13481920957565308,0.13950055837631226,0.9870893359184265,0.23382484912872314
4,Rice,0.32230502367019653,0.24169981479644775,0.6502123475074768,0.470481276512146
5,Rice,0.924454391002655,0.742840051651001,0.5523832440376282,0.8773556351661682
6,Millet,0.6484839916229248,0.40485328435897827,0.9911395907402039,0.6181206107139587
7,Millet,0.5385385155677795,0.30258727073669434,0.24103641510009766,0.8032520413398743
8,Rice,0.7752886414527893,0.43295103311538696,0.27486807107925415,0.4058986306190491
9,Rice,0.8535037040710449,0.9764875173568726,0.2972215414047241,0.038426876068115234
0,Millet,0.38621675968170166,0.5636469125747681,0.9018515348434448,0.8584870100021362
1,Rice,0.27919262647628784,0.6186982989311218,0.14228415489196777,0.8528414368629456
2,Rice,0.8361974358558655,0.6844355463981628,0.7616127729415894,0.8538878560066223
3,Rice,0.10443222522735596,0.22596430778503418,0.8127451539039612,0.06714606285095215
4,Rice,0.10185384750366211,0.8234527111053467,0.6281870603561401,0.9736760854721069
5,Millet,0.2517220377922058,0.8918722867965698,0.5568299889564514,0.30596691370010376
6,Rice,0.052912116050720215,0.2867591381072998,0.052798688411712646,0.7090067267417908
7,Millet,0.47457998991012573,0.4443153142929077,0.9110440611839294,0.051299452781677246
8,Rice,0.4861621856689453,0.6194480061531067,0.4736849069595337,0.7410771250724792
9,Millet,0.7647069692611694,0.6600426435470581,0.881691038608551,0.35254448652267456
0,Rice,0.26829326152801514,0.6151298880577087,0.10296541452407837,0.12331223487854004
1,Millet,0.16087359189987183,0.8502742052078247,0.22561603784561157,0.42789292335510254
2,Millet,0.6283500790596008,0.41385215520858765,0.7278297543525696,0.8016392588615417
3,Millet,0.39262402057647705,0.6292811036109924,0.010110795497894287,0.15784883499145508
4,Rice,0.357841432094574,0.21649163961410522,0.03365439176559448,0.5992096066474915
5,Millet,0.1749720573425293,0.24265223741531372,0.12505537271499634,0.1442413330078125
6,Millet,0.239946186542511,0.13707947731018066,0.34036940336227417,0.6105062961578369
7,Rice,0.3617478013038635,0.3901514410972595,0.9442840218544006,0.21197164058685303
8,Millet,0.7923901677131653,0.9054294228553772,0.7400803565979004,0.1722886562347412
9,Millet,0.9268808364868164,0.9300275444984436,0.6504035592079163,0.9368183612823486
0,Rice,0.04770362377166748,0.5080565810203552,0.3456960916519165,0.9442199468612671
1,Rice,0.8761695027351379,0.06711608171463013,0.8919594883918762,0.6923806071281433
2,Millet,0.09590548276901245,0.08429878950119019,0.22552043199539185,0.19072449207305908
3,Millet,0.17128896713256836,0.23081445693969727,0.11020100116729736,0.6786319613456726
4,Millet,0.1802249550819397,0.24513846635818481,0.09061253070831299,0.1897171139717102
5,Rice,0.6325411796569824,0.0009670853614807129,0.005073964595794678,0.6004564762115479
6,Rice,0.5907577276229858,0.6009306907653809,0.6784457564353943,0.5524548292160034
7,Millet,0.07574224472045898,0.5411815047264099,0.1948399543762207,0.507881760597229
8,Millet,0.3396069407463074,0.24362200498580933,0.3947746753692627,0.04431295394897461
9,Rice,0.3616054058074951,0.19197416305541992,0.6175908446311951,0.3617846965789795
0,Millet,0.10845828056335449,0.9996734857559204,0.6089872121810913,0.9255867600440979
1,Rice,0.018030107021331787,0.23903286457061768,0.3052063584327698,0.5123608708381653
2,Rice,0.6508234143257141,0.13552653789520264,0.421208918094635,0.18393123149871826
3,Millet,0.470079243183136,0.5655346512794495,0.6268327236175537,0.27463996410369873
4,Millet,0.7727622985839844,0.25131672620773315,0.7083413600921631,0.8111730217933655
5,Millet,0.36601531505584717,0.16091293096542358,0.5909490585327148,0.12509918212890625
6,Rice,0.6928756237030029,0.18249958753585815,0.43004482984542847,0.8957028388977051
7,Rice,0.10864686965942383,0.6052952408790588,0.021372675895690918,0.7598879337310791
8,Millet,0.4917900562286377,0.5199570059776306,0.09880363941192627,0.021218419075012207
9,Rice,0.15924429893493652,0.745779275894165,0.35062992572784424,0.506003737449646
0,Millet,0.418334424495697,0.21249037981033325,0.8575934171676636,0.2277003526687622
1,Rice,0.5361243486404419,0.3890026807785034,0.46646034717559814,0.6119239926338196
2,Millet,0.6565552949905396,0.2726403474807739,0.7560113668441772,0.9294914603233337
3,Rice,0.3386859893798828,0.8994945883750916,0.6231486797332764,0.4805421233177185
4,Millet,0.8680397272109985,0.7857778072357178,0.1280066967010498,0.25288569927215576
5,Rice,0.9914137125015259,0.03702092170715332,0.8832617402076721,0.19740372896194458
6,Rice,0.4156697392463684,0.47566115856170654,0.7668892741203308,0.8292552828788757
7,Rice,0.019499659538269043,0.4772717356681824,0.8595079779624939,0.19897562265396118
8,Millet,0.3219591975212097,0.8975867629051208,0.23625558614730835,0.9707481861114502
9,Rice,0.5131998062133789,0.8785912394523621,0.7108551263809204,0.48025190830230713
0,Millet,0.5618351697921753,0.27721714973449707,0.47270238399505615,0.5364066958427429
1,Millet,0.20339983701705933,0.5322203636169434,0.29732251167297363,0.8199135065078735
2,Millet,0.9067670702934265,0.08170616626739502,0.15440309047698975,0.37138283252716064
3,Rice,0.04768913984298706,0.3449873924255371,0.4664030075073242,0.033239781856536865
4,Rice,0.7051813006401062,0.8830646872520447,0.47101694345474243,0.6024174690246582
5,Rice,0.952684760093689,0.7656304240226746,0.7449800968170166,0.8670570850372314
6,Rice,0.5013434290885925,0.42821645736694336,0.7819324135780334,0.8542901873588562
7,Millet,0.10483896732330322,0.8661892414093018,0.6968525052070618,0.9829167127609253
8,Rice,0.5744327902793884,0.35792791843414307,0.4633575677871704,0.5888237953186035
9,Millet,0.943280041217804,0.5677461624145508,0.8376065492630005,0.0013326406478881836
0,Rice,0.7908677458763123,0.03942728042602539,0.8583150506019592,0.27759313583374023
1,Rice,0.7237892746925354,0.6555747389793396,0.8699082732200623,0.8723261952400208
2,Millet,0.6197056174278259,0.44304507970809937,0.5085844993591309,0.12419342994689941
3,Millet,0.8038992881774902,0.3839852213859558,0.6209598183631897,0.8217853903770447
4,Rice,0.9322361350059509,0.82651686668396,0.5935365557670593,0.23644721508026123
5,Millet,0.8075379729270935,0.3111013174057007,0.877914547920227,0.08530682325363159
6,Millet,0.5647024512290955,0.547035276889801,0.48053109645843506,0.34163230657577515
7,Rice,0.8811393976211548,0.35946929454803467,0.9061311483383179,0.8314769268035889
8,Rice,0.44490861892700195,0.2739498019218445,0.1844307780265808,0.5612074732780457
9,Millet,0.9702450633049011,0.9775403738021851,0.3962262272834778,0.31278806924819946
0,Millet,0.658348560333252,0.21192991733551025,0.4441676139831543,0.13008391857147217
1,Rice,0.324354350566864,0.4091613292694092,0.2512795329093933,0.10210925340652466
2,Rice,0.07697325944900513,0.08600568771362305,0.2490994930267334,0.5751146078109741
3,Millet,0.4653046131134033,0.3300820589065552,0.7544280886650085,0.626694917678833
4,Rice,0.8348954916000366,0.6407743692398071,0.6305612921714783,0.08305436372756958
5,Rice,0.10355037450790405,0.02676171064376831,0.3526776432991028,0.7482874989509583
6,Rice,0.6349670886993408,0.36781495809555054,0.06435692310333252,0.3015611171722412
7,Rice,0.6801515817642212,0.24310803413391113,0.1396651268005371,0.8476294875144958
8,Rice,0.13122707605361938,0.31219714879989624,0.27328234910964966,0.7108458280563354
9,Rice,0.0855032205581665,0.18139046430587769,0.6556901335716248,0.02949047088623047
0,Millet,0.13899683952331543,0.24034839868545532,0.04410141706466675,0.8080587387084961
1,Millet,0.9179905652999878,0.48978227376937866,0.6146484613418579,0.9040183424949646
2,Rice,0.03109687566757202,0.3613429665565491,0.7014381289482117,0.17886418104171753
3,Rice,0.9759018421173096,0.6013137102127075,0.856225848197937,0.8061889410018921
4,Millet,0.3635059595108032,0.6906821727752686,0.91008460521698,0.2261449098587036
5,Millet,0.1212581992149353,0.4365556240081787,0.6959635019302368,0.25262588262557983
6,Rice,0.8007128834724426,0.814027726650238,0.4128357768058777,0.6565341353416443
7,Millet,0.557804524898529,0.8882268071174622,0.4777713418006897,0.3495659828186035
8,Millet,0.5035427808761597,0.00768357515335083,0.4345307946205139,0.3628529906272888
9,Millet,0.5551254749298096,0.26702409982681274,0.33252084255218506,0.6617698669433594
0,Millet,0.13445264101028442,0.17846083641052246,0.28710800409317017,0.13955360651016235
1,Rice,0.4667400121688843,0.936762273311615,0.316276490688324,0.9529896378517151
2,Millet,0.1298540234565735,0.18393820524215698,0.2619780898094177,0.9787179827690125
3,Rice,0.26564836502075195,0.17692697048187256,0.5348517894744873,0.751576840877533
4,Millet,0.047511398792266846,0.8222326636314392,0.751170814037323,0.23578894138336182
5,Rice,0.5274598002433777,0.7515187859535217,0.673128604888916,0.9308927059173584
6,Rice,0.5514580607414246,0.10218340158462524,0.1432204246520996,0.1635645627975464
7,Millet,0.7036755084991455,0.22055089473724365,0.6596400737762451,0.13227617740631104
8,Millet,0.7674902081489563,0.4579225778579712,0.5236408114433289,0.7096461057662964
9,Millet,0.1421414017677307,0.4331018328666687,0.9210970401763916,0.24626052379608154
0,Millet,0.1766897439956665,0.45154088735580444,0.4259801506996155,0.054412245750427246
1,Rice,0.9346579313278198,0.7937440872192383,0.28880560398101807,0.3384972810745239
2,Rice,0.2680346965789795,0.37888073921203613,0.11856657266616821,0.4560103416442871
3,Millet,0.2744612693786621,0.4247760772705078,0.9355987310409546,0.03845614194869995
4,Millet,0.9924666285514832,0.3123616576194763,0.9801191091537476,0.6649463772773743
5,Millet,0.7416584491729736,0.4200137257575989,0.38956141471862793,0.36287128925323486
6,Rice,0.48866093158721924,0.16620862483978271,0.924371600151062,0.8011546730995178
7,Rice,0.06014937162399292,0.6105766892433167,0.18805360794067383,0.7616322636604309
8,Millet,0.36293768882751465,0.07082206010818481,0.4192606806755066,0.19886988401412964
9,Rice,0.7363070249557495,0.23620843887329102,0.8479583263397217,0.5628706216812134
0,Millet,0.0803104043006897,0.8986002206802368,0.2145981788635254,0.16794639825820923
1,Millet,0.24468964338302612,0.9544708728790283,0.9711949229240417,0.9114691615104675
2,Millet,0.784315824508667,0.06729614734649658,0.30630701780319214,0.051769375801086426
3,Rice,0.2344643473625183,0.3763338327407837,0.7613732814788818,0.46783822774887085
4,Rice,0.44716596603393555,0.853418231010437,0.4441607594490051,0.952622652053833
5,Rice,0.4979591965675354,0.9871211647987366,0.6770750880241394,0.6026850342750549
6,Millet,0.5149979591369629,0.4277428984642029,0.6275277733802795,0.34892237186431885
7,Rice,0.34200143814086914,0.4085627794265747,0.5259860157966614,0.764786422252655
8,Millet,0.736198365688324,0.5542426705360413,0.2812073230743408,0.8899545073509216
9,Millet,0.0579228401184082,0.8035434484481812,0.8286086320877075,0.6057144403457642
0,Rice,0.7341987490653992,0.24379807710647583,0.04175698757171631,0.8869062662124634
1,Rice,0.6466853022575378,0.0470355749130249,0.7264862656593323,0.13275009393692017
2,Rice,0.7913116812705994,0.6217983365058899,0.6539557576179504,0.8855503797531128
3,Rice,0.1911863088607788,0.2558264136314392,0.9296618700027466,0.04047226905822754
4,Millet,0.03883463144302368,0.9781954288482666,0.7209382653236389,0.9432116746902466
5,Millet,0.7926721572875977,0.17704617977142334,0.579917311668396,0.8423709273338318
6,Rice,0.30573588609695435,0.6284428834915161,0.5419344305992126,0.2629300355911255
7,Rice,0.7836615443229675,0.046872496604919434,0.13708847761154175,0.8013668656349182
8,Millet,0.9888231754302979,0.3200945258140564,0.9707432985305786,0.07308763265609741
9,Millet,0.3664700388908386,0.6721580624580383,0.6459171772003174,0.6418183445930481
0,Millet,0.3788856267929077,0.9682257771492004,0.12215077877044678,0.3154960870742798
1,Rice,0.8420572876930237,0.7771565318107605,0.11170649528503418,0.6972135901451111
2,Millet,0.07476752996444702,0.06780779361724854,0.698245644569397,0.8939322233200073
3,Rice,0.7587721943855286,0.5216763615608215,0.9988447427749634,0.7593367099761963
4,Millet,0.832612156867981,0.5386795997619629,0.09974819421768188,0.40037858486175537
5,Millet,0.13665354251861572,0.3792266249656677,0.12561136484146118,0.5254700183868408
6,Rice,0.3134850859642029,0.32696396112442017,0.3642292022705078,0.3931707739830017
7,Rice,0.04371398687362671,0.1874130368232727,0.17436295747756958,0.2543315887451172
8,Millet,0.8494853973388672,0.04758399724960327,0.48966872692108154,0.7511993646621704
9,Millet,0.9588242769241333,0.28580594062805176,0.22486454248428345,0.388624370098114
0,Millet,0.522117555141449,0.8411761522293091,0.7283617854118347,0.9770704507827759
1,Rice,0.47791069746017456,0.3534303903579712,0.5722949504852295,0.8743862509727478
2,Millet,0.7373025417327881,0.5935444831848145,0.18587470054626465,0.5617985129356384
3,Rice,0.6295398473739624,0.07236337661743164,0.7190288305282593,0.7026370763778687
4,Millet,0.532804012298584,0.4948112964630127,0.7546984553337097,0.9893878102302551
5,Millet,0.5677381157875061,0.5945967435836792,0.29622453451156616,0.06121194362640381
6,Millet,0.33632761240005493,0.13644713163375854,0.25154948234558105,0.5728902220726013
7,Millet,0.5845359563827515,0.2864554524421692,0.744048535823822,0.20481127500534058
8,Millet,0.05533856153488159,0.4426133632659912,0.02026277780532837,0.9676627516746521
9,Rice,0.652896523475647,0.2289307713508606,0.41201210021972656,0.4659292697906494
0,Millet,0.4236225485801697,0.4265800714492798,0.12392252683639526,0.7714735865592957
1,Rice,0.617961585521698,0.0009621381759643555,0.4684946537017822,0.27501386404037476
2,Millet,0.9530497193336487,0.4368927478790283,0.5109091401100159,0.0854002833366394
3,Rice,0.562086820602417,0.6820688247680664,0.29287612438201904,0.1572655439376831
4,Rice,0.5561447739601135,0.7711411118507385,0.1180335283279419,0.08369505405426025
5,Millet,0.9527571797370911,0.17272895574569702,0.1063234806060791,0.22205686569213867
6,Millet,0.0022753477096557617,0.32588404417037964,0.7687757015228271,0.4697127342224121
7,Millet,0.6718738079071045,0.3174138069152832,0.043749451637268066,0.3354506492614746
8,Rice,0.12465107440948486,0.8203930258750916,0.8472875356674194,0.9888198971748352
9,Rice,0.07084673643112183,0.3063894510269165,0.4981533885002136,0.038408637046813965
0,Rice,0.280518114566803,0.6542731523513794,0.02490931749343872,0.8808022737503052
1,Millet,0.9841850399971008,0.2679932713508606,0.3562614321708679,0.4191153049468994
2,Millet,0.609371542930603,0.32421809434890747,0.8091518878936768,0.9629998207092285
3,Millet,0.4132744073867798,0.44899147748947144,0.1558120846748352,0.6935650110244751
4,Millet,0.45562833547592163,0.7894818782806396,0.3818252682685852,0.38390660285949707
5,Rice,0.9728108048439026,0.8660493493080139,0.3046019673347473,0.704707682132721
6,Millet,0.7121248841285706,0.32115793228149414,0.2720578908920288,0.6519042253494263
7,Millet,0.22589260339736938,0.493208646774292,0.7822032570838928,0.46779197454452515
8,Rice,0.47786515951156616,0.38789522647857666,0.09777814149856567,0.5825956463813782
9,Millet,0.9898127317428589,0.5835171937942505,0.09758609533309937,0.2485395073890686
0,Millet,0.6389707326889038,0.7301908731460571,0.10749024152755737,0.0013148188591003418
1,Millet,0.02985149621963501,0.327708899974823,0.6192141771316528,0.3340870141983032
2,Millet,0.9763551950454712,0.6789107918739319,0.723281741142273,0.7679559588432312
3,Millet,0.11921423673629761,0.5654510855674744,0.310296893119812,0.8699500560760498
4,Rice,0.8688988089561462,0.6238634586334229,0.6888116598129272,0.39091378450393677
5,Rice,0.3777991533279419,0.8498350381851196,0.14031058549880981,0.13682538270950317
6,Rice,0.2870563864707947,0.6422953009605408,0.7219864726066589,0.6579955816268921
7,Rice,0.34401363134384155,0.34863829612731934,0.8933705687522888,0.7518059015274048
8,Millet,0.8054710626602173,0.1565721035003662,0.9911470413208008,0.5835744142532349
9,Millet,0.12872523069381714,0.3685891628265381,0.4185432195663452,0.9097315669059753
0,Millet,0.09653604030609131,0.21356886625289917,0.7899503111839294,0.6407701373100281
1,Rice,0.08773171901702881,0.4894823431968689,0.5441956520080566,0.5155302286148071
2,Rice,0.9389941096305847,0.88942950963974,0.6863731145858765,0.3962351679801941
3,Rice,0.48819267749786377,0.5315802693367004,0.5753666758537292,0.5601297616958618
4,Millet,0.6724265217781067,0.8474522829055786,0.8494595289230347,0.6764564514160156
5,Millet,0.7567535638809204,0.22090059518814087,0.1270616054534912,0.45152443647384644
6,Rice,0.008598685264587402,0.9917687177658081,0.12314766645431519,0.4797060489654541
7,Millet,0.6602333188056946,0.3980259299278259,0.4226762652397156,0.8911300897598267
8,Millet,0.3196938633918762,0.315038800239563,0.35311537981033325,0.038048744201660156
9,Millet,0.8078739643096924,0.9456794857978821,0.5091697573661804,0.3883960247039795
0,Rice,0.3237978219985962,0.9820881485939026,0.2695154547691345,0.3387094736099243
1,Millet,0.6324048042297363,0.2658332586288452,0.5399810075759888,0.5591883659362793
2,Millet,0.28480738401412964,0.22688210010528564,0.35363292694091797,0.0768318772315979
3,Rice,0.8381423354148865,0.014718890190124512,0.2833608388900757,0.8232858180999756
4,Rice,0.14288192987442017,0.6730585694313049,0.9457928538322449,0.9045066237449646
5,Rice,0.355533242225647,0.14407330751419067,0.7591381072998047,0.9949840307235718
6,Rice,0.46644675731658936,0.6456597447395325,0.46372246742248535,0.5342810153961182
7,Millet,0.17582446336746216,0.3016308546066284,0.5068298578262329,0.1685795783996582
8,Millet,0.8033257722854614,0.6221964955329895,0.16970908641815186,0.5181874632835388
9,Millet,0.5419219136238098,0.016970694065093994,0.17060327529907227,0.5276414752006531
0,Millet,0.05176687240600586,0.24222618341445923,0.02937859296798706,0.0869322419166565
1,Millet,0.4813188314437866,0.07846522331237793,0.6083731055259705,0.9529221057891846
2,Millet,0.23443526029586792,0.3268563151359558,0.9194808006286621,0.8650429844856262
3,Rice,0.09643495082855225,0.06902092695236206,0.6135850548744202,0.9268954396247864
4,Rice,0.24695920944213867,0.006618082523345947,0.8148788809776306,0.4327125549316406
5,Millet,0.40405410528182983,0.14356261491775513,0.8685778975486755,0.9898389577865601
6,Millet,0.27870267629623413,0.9462214112281799,0.3075815439224243,0.07677251100540161
7,Rice,0.21833646297454834,0.5554035305976868,0.1478535532951355,0.619412899017334
8,Rice,0.11029517650604248,0.8867963552474976,0.11718517541885376,0.02300858497619629
9,Rice,0.043790459632873535,0.04078054428100586,0.6493111848831177,0.5468596816062927
0,Millet,0.8628581166267395,0.5095624923706055,0.9220977425575256,0.7703419923782349
1,Rice,0.1507091522216797,0.4003976583480835,0.5230035781860352,0.6055823564529419
2,Millet,0.21041250228881836,0.5214759707450867,0.5730511546134949,0.7053343057632446
3,Rice,0.6698052883148193,0.5145413279533386,0.4622182250022888,0.34060418605804443
4,Rice,0.8343873620033264,0.5173673629760742,0.28499913215637207,0.6078081130981445
5,Millet,0.976257860660553,0.6425204873085022,0.16088885068893433,0.5150567889213562
6,Millet,0.20912879705429077,0.9936732053756714,0.4150112271308899,0.8061957359313965
7,Millet,0.22939443588256836,0.1713758111000061,0.5910140872001648,0.39774537086486816
8,Millet,0.8411478400230408,0.7689046263694763,0.07498878240585327,0.5094007253646851
9,Rice,0.5524689555168152,0.3002517819404602,0.9516065716743469,0.5831783413887024
0,Millet,0.6655267477035522,0.24922215938568115,0.700918436050415,0.7368462085723877
1,Rice,0.2640523910522461,0.48460596799850464,0.6743856072425842,0.529870331287384
2,Rice,0.069499671459198,0.5308582782745361,0.7587202787399292,0.4334067702293396
3,Rice,0.041886746883392334,0.664245069026947,0.6445232629776001,0.060627520084381104
4,Millet,0.822134792804718,0.21269530057907104,0.2695300579071045,0.17868059873580933
5,Millet,0.5332779884338379,0.7812761664390564,0.6792256832122803,0.9748192429542542
6,Rice,0.7695502638816833,0.33400577306747437,0.08530998229980469,0.4149991273880005
7,Millet,0.1395108699798584,0.4467884302139282,0.827631950378418,0.4947989583015442
8,Rice,0.4786869287490845,0.13154447078704834,0.2155451774597168,0.44115501642227173
9,Rice,0.017388641834259033,0.948748767375946,0.02448582649230957,0.3623313903808594
0,Millet,0.9786222577095032,0.9587301015853882,0.3710858225822449,0.9028604626655579
1,Rice,0.9759031534194946,0.5200061202049255,0.07330483198165894,0.25544220209121704
2,Rice,0.8571953177452087,0.8581312894821167,0.33199530839920044,0.7830928564071655
3,Millet,0.7930610179901123,0.13088691234588623,0.6458472609519958,0.27767616510391235
4,Millet,0.1864219307899475,0.9022270441055298,0.6466575264930725,0.17713302373886108
5,Rice,0.396709144115448,0.7661893367767334,0.7504947781562805,0.5493234395980835
6,Millet,0.35109108686447144,0.621941864490509,0.6141535639762878,0.6296473741531372
7,Rice,0.4129757881164551,0.5910707712173462,0.41677576303482056,0.6731166839599609
8,Millet,0.17916947603225708,0.08510410785675049,0.16813820600509644,0.33272480964660645
9,Millet,0.675351619720459,0.5135552287101746,0.3130841851234436,0.8819243907928467
0,Millet,0.06134164333343506,0.4571680426597595,0.2780241370201111,0.2408769726753235
1,Rice,0.13845783472061157,0.09635573625564575,0.10082036256790161,0.46072810888290405
2,Rice,0.8554109930992126,0.4342992305755615,0.1522875428199768,0.34464067220687866
3,Millet,0.4286399483680725,0.5019042491912842,0.17910629510879517,0.6017424464225769
4,Millet,0.5161876082420349,0.5498287677764893,0.694585382938385,0.3202625513076782
5,Millet,0.7788190245628357,0.4912515878677368,0.7136246562004089,0.4148176312446594
6,Millet,0.6171823143959045,0.4104912281036377,0.9332364797592163,0.8537639379501343
7,Rice,0.04147058725357056,0.1406487226486206,0.2911296486854553,0.3638874888420105
8,Rice,0.401403546333313,0.4968588948249817,0.627115786075592,0.06418663263320923
9,Rice,0.6144199967384338,0.6645723581314087,0.5379721522331238,0.2791560888290405
0,Millet,0.6686609983444214,0.36294108629226685,0.4408636689186096,0.15345042943954468
1,Rice,0.36794304847717285,0.4076783061027527,0.46340280771255493,0.8386741280555725
2,Millet,0.7331780791282654,0.06059759855270386,0.736359715461731,0.4623110294342041
3,Millet,0.5084471702575684,0.8325928449630737,0.11401808261871338,0.8481770753860474
4,Millet,0.5246278047561646,0.456113338470459,0.30761778354644775,0.009062588214874268
5,Millet,0.46299076080322266,0.6139135956764221,0.6822288036346436,0.2867482304573059
6,Rice,0.9211626648902893,0.948322594165802,0.5526312589645386,0.4355250597000122
7,Rice,0.07468956708908081,0.27742093801498413,0.6017893552780151,0.15534919500350952
8,Rice,0.9786553382873535,0.9831100106239319,0.33430802822113037,0.384660005569458
9,Rice,0.10807561874389648,0.5360774397850037,0.8051313161849976,0.9371036291122437
0,Millet,0.5441343784332275,0.8909743428230286,0.3537396788597107,0.01306372880935669
1,Millet,0.21950024366378784,0.9084500670433044,0.9553653597831726,0.49153637886047363
2,Millet,0.8495582938194275,0.6607921123504639,0.017448902130126953,0.4288363456726074
3,Millet,0.21951663494110107,0.5211317539215088,0.21105486154556274,0.20890575647354126
4,Rice,0.4923173785209656,0.575537919998169,0.2859429121017456,0.701018750667572
5,Rice,0.04697072505950928,0.476418673992157,0.8788354992866516,0.9857689142227173
6,Rice,0.2930247187614441,0.4338265657424927,0.21390646696090698,0.5564717054367065
7,Millet,0.26021939516067505,0.6535926461219788,0.24070650339126587,0.8252212405204773
8,Rice,0.23724234104156494,0.005095422267913818,0.39914172887802124,0.8367387056350708
9,Rice,0.1510099172592163,0.24360698461532593,0.16731709241867065,0.09655523300170898
0,Rice,0.4128257632255554,0.20145398378372192,0.7362866997718811,0.18520599603652954
1,Millet,0.8829114437103271,0.35590147972106934,0.43559348583221436,0.16997814178466797
2,Millet,0.08718711137771606,8.410215377807617e-05,0.1124887466430664,0.4248533844947815
3,Millet,0.8591505885124207,0.36876195669174194,0.750100314617157,0.4270130395889282
4,Millet,0.06492078304290771,0.8742058277130127,0.5774422883987427,0.4798487424850464
5,Millet,0.3002035617828369,0.3716919422149658,0.4800538420677185,0.44704723358154297
6,Rice,0.7499907612800598,0.6434377431869507,0.22291767597198486,0.4486253261566162
7,Rice,0.9269861578941345,0.6415150165557861,0.2769519090652466,0.6380577683448792
8,Millet,0.9466877579689026,0.497744619846344,0.01673746109008789,0.8580216765403748
9,Millet,0.06677275896072388,0.7470940351486206,0.9791415929794312,0.6838693618774414
0,Rice,0.6075717210769653,0.9595332145690918,0.49728572368621826,0.17466139793395996
1,Rice,0.36999452114105225,0.7451539635658264,0.6004176735877991,0.19659191370010376
2,Rice,0.10660195350646973,0.8443586826324463,0.966537356376648,0.83232581615448
3,Millet,0.9865294694900513,0.735446035861969,0.8547500371932983,0.5057658553123474
4,Rice,0.6578027606010437,0.875913143157959,0.674498438835144,0.5506214499473572
5,Rice,0.2701011300086975,0.7842832207679749,0.48875391483306885,0.40722793340682983
6,Millet,0.7665886282920837,0.11919605731964111,0.18493807315826416,0.4882463812828064
7,Millet,0.8709445595741272,0.5012284517288208,0.6882163286209106,0.788540780544281
8,Rice,0.5946944952011108,0.851898193359375,0.8788172006607056,0.16006767749786377
9,Millet,0.05213189125061035,0.6489786505699158,0.38526833057403564,0.6245472431182861
0,Rice,0.4409865736961365,0.4263268709182739,0.38803523778915405,0.35190147161483765
1,Millet,0.45259058475494385,0.4088141918182373,0.5279145836830139,0.12195980548858643
2,Rice,0.6671337485313416,0.2014845609664917,0.4085785150527954,0.7560279369354248
3,Millet,0.8208860754966736,0.8293418288230896,0.8240870237350464,0.25176453590393066
4,Millet,0.8691107630729675,0.9781615138053894,0.765755832195282,0.7394350171089172
5,Millet,0.7975670695304871,0.18657231330871582,0.9299308061599731,0.9577819108963013
6,Rice,0.5122474431991577,0.9224604964256287,0.04253357648849487,0.6071026921272278
7,Rice,0.09651094675064087,0.6971302032470703,0.02371305227279663,0.6609575152397156
8,Rice,0.9798336029052734,0.07055997848510742,0.8893975019454956,0.9967268109321594
9,Rice,0.8415551781654358,0.5942392349243164,0.03292286396026611,0.6987723708152771
0,Rice,0.8207270503044128,0.1783697009086609,0.20850622653961182,0.4518321752548218
1,Rice,0.9564850330352783,0.2899044156074524,0.5216107964515686,0.9929562211036682
2,Rice,0.02585393190383911,0.6226071715354919,0.8040760159492493,0.3815852999687195
3,Rice,0.5371599197387695,0.5556716918945312,0.06971067190170288,0.09548741579055786
4,Millet,0.5711832046508789,0.1635236144065857,0.46737945079803467,0.14128971099853516
5,Rice,0.4980320930480957,0.30161088705062866,0.3584226965904236,0.22913116216659546
6,Rice,0.2388361096382141,0.9958443641662598,0.5169491767883301,0.11821824312210083
7,Rice,0.3724527955055237,0.8693603277206421,0.4769476652145386,0.8884108066558838
8,Rice,0.9186391234397888,0.9172755479812622,0.2594037652015686,0.004031717777252197
9,Rice,0.41365981101989746,0.5609349608421326,0.19197434186935425,0.8330489993095398
0,Rice,0.22971773147583008,0.043964385986328125,0.1649388074874878,0.7606651782989502
1,Rice,0.05526590347290039,0.1067725419998169,0.13421040773391724,0.7824880480766296
2,Rice,0.2974323630332947,0.9452975988388062,0.3955315351486206,0.0708736777305603
3,Rice,0.06363481283187866,0.02494412660598755,0.4478030800819397,0.8435220718383789
4,Rice,0.05949890613555908,0.631582498550415,0.003651559352874756,0.23831498622894287
5,Rice,0.2652737498283386,0.2767331600189209,0.9350009560585022,0.28139543533325195
6,Millet,0.11256152391433716,0.22773748636245728,0.35781657695770264,0.8868932127952576
7,Millet,0.9179105162620544,0.36397188901901245,0.42817944288253784,0.5931954979896545
8,Rice,0.12049221992492676,0.3774031400680542,0.027758538722991943,0.4519574046134949
9,Rice,0.11662054061889648,0.7703873515129089,0.6387496590614319,0.034338533878326416
0,Millet,0.4583190679550171,0.5631165504455566,0.7556666731834412,0.66075599193573
1,Millet,0.06464314460754395,0.07416188716888428,0.7152052521705627,0.16329556703567505
2,Rice,0.4821910262107849,0.8979942798614502,0.19227135181427002,0.2655962109565735
3,Rice,0.5542801022529602,0.7632311582565308,0.4691826105117798,0.012005269527435303
4,Rice,0.3995800018310547,0.3640649914741516,0.9557543992996216,0.8054463863372803
5,Millet,0.6118560433387756,0.3880925178527832,0.6836922764778137,0.16540318727493286
6,Rice,0.8743136525154114,0.5496164560317993,0.881418764591217,0.8712349534034729
7,Rice,0.5332710146903992,0.3801538348197937,0.6101751327514648,0.3024625778198242
8,Millet,0.6017221808433533,0.766139030456543,0.07126843929290771,0.7926146984100342
9,Rice,0.24283891916275024,0.7729371190071106,0.750133216381073,0.6884239912033081
0,Millet,0.06845563650131226,0.4638237953186035,0.8844695687294006,0.846820592880249
1,Millet,0.15344667434692383,0.4779552221298218,0.2400568723678589,0.07433676719665527
2,Rice,0.24995207786560059,0.19883233308792114,0.12763041257858276,0.8494967818260193
3,Millet,0.909991443157196,0.5490743517875671,0.8488362431526184,0.27675944566726685
4,Millet,0.6765010356903076,0.7829074859619141,0.31175243854522705,0.9486521482467651
5,Millet,0.10642945766448975,0.7464231252670288,0.01497882604598999,0.8583835363388062
6,Rice,0.7526424527168274,0.6974955201148987,0.07499819993972778,0.47145402431488037
7,Millet,0.7749548554420471,0.44464272260665894,0.6439365148544312,0.783535361289978
8,Millet,0.9150705337524414,0.6492785215377808,0.9653651118278503,0.1407378911972046
9,Millet,0.7568761110305786,0.9688637852668762,0.8547691702842712,0.42854076623916626
0,Rice,0.5895328521728516,0.5007153749465942,0.7874341607093811,0.7967712879180908
1,Millet,0.7464690804481506,0.8116865158081055,0.17634832859039307,0.44163674116134644
2,Rice,0.9972343444824219,0.5343818068504333,0.5537243485450745,0.0077705979347229
3,Rice,0.04964041709899902,0.5981493592262268,0.4950544238090515,0.28661400079727173
4,Millet,0.8689759373664856,0.1107226014137268,0.6573934555053711,0.5796157717704773
5,Millet,0.7098316550254822,0.4527045488357544,0.010028243064880371,0.17778480052947998
6,Millet,0.07571732997894287,0.8525043725967407,0.6786476373672485,0.4326540231704712
7,Rice,0.047984302043914795,0.4630874991416931,0.8086156845092773,0.9679059386253357
8,Millet,0.12966060638427734,0.29374468326568604,0.21583712100982666,0.7013252377510071
9,Rice,0.4168689250946045,0.6717959642410278,0.8531578183174133,0.7273496389389038
0,Millet,0.960506021976471,0.8500974178314209,0.36062127351760864,0.6169497966766357
1,Rice,0.0070765018463134766,0.11578667163848877,0.28828173875808716,0.5205057263374329
2,Rice,0.7913987636566162,0.8129740357398987,0.13773959875106812,0.7019726037979126
3,Millet,0.34175121784210205,0.9377231001853943,0.7140775918960571,0.06711184978485107
4,Rice,0.6085474491119385,0.9339307546615601,0.4888756275177002,0.002754509449005127
5,Rice,0.6681614518165588,0.2579248547554016,0.2019134759902954,0.7621779441833496
6,Rice,0.3536912798881531,0.9905313849449158,0.5600923299789429,0.531029999256134
7,Rice,0.5695015788078308,0.039784014225006104,0.10485321283340454,0.42593079805374146
8,Millet,0.7023066878318787,0.39365577697753906,0.5625156760215759,0.0034027695655822754
9,Rice,0.5035524368286133,0.6038752198219299,0.7765102386474609,0.6559246182441711
0,Millet,0.004527270793914795,0.45569974184036255,0.703214704990387,0.5738634467124939
1,Rice,0.8012843728065491,0.04529714584350586,0.9505308866500854,0.6742711663246155
2,Rice,0.47990870475769043,0.5990287661552429,0.5584071278572083,0.7230321168899536
3,Millet,0.30882102251052856,0.9854124188423157,0.5903932452201843,0.7955383658409119
4,Rice,0.4879722595214844,0.321567177772522,0.2615389823913574,0.6095466017723083
5,Millet,0.6808969974517822,0.1947382688522339,0.18634361028671265,0.5226178169250488
6,Rice,0.9515865445137024,0.39632171392440796,0.33468538522720337,0.48264098167419434
7,Rice,0.3920139670372009,0.3172450065612793,0.1102718710899353,0.9871664047241211
8,Millet,0.22357797622680664,0.3891681432723999,0.2772129774093628,0.9598173499107361
9,Rice,0.6888830065727234,0.4577428698539734,0.3814554810523987,0.3293852210044861
0,Rice,0.7864012122154236,0.04799807071685791,0.8153979182243347,0.309004545211792
1,Rice,0.37994927167892456,0.802666962146759,0.5604346394538879,0.16541630029678345
2,Millet,0.17252212762832642,0.7363972067832947,0.18308967351913452,0.8815790414810181
3,Rice,0.10174953937530518,0.2910023331642151,0.15890812873840332,0.3522965908050537
4,Millet,0.28718507289886475,0.2689129114151001,0.792087197303772,0.8790252804756165
5,Millet,0.8455977439880371,0.09052103757858276,0.07876145839691162,0.6625716686248779
6,Millet,0.595614492893219,0.08395534753799438,0.4348282217979431,0.9417768716812134
7,Millet,0.7358313798904419,0.322376549243927,0.24335187673568726,0.5397575497627258
8,Rice,0.6181469559669495,0.8832689523696899,0.9599943161010742,0.4079199433326721
9,Rice,0.799106240272522,0.623641848564148,0.18108981847763062,0.8446633219718933
0,Millet,0.3848220705986023,0.26411908864974976,0.29690617322921753,0.7200447916984558
1,Millet,0.18742328882217407,0.03784835338592529,0.5470864176750183,0.30255335569381714
2,Millet,0.5132413506507874,0.05101364850997925,0.6673178672790527,0.9767864346504211
3,Millet,0.735638439655304,0.7536184787750244,0.64121013879776,0.182628333568573
4,Millet,0.5157573223114014,0.5556789040565491,0.24949955940246582,0.4034000039100647
5,Millet,0.3489355444908142,0.7097216844558716,0.21103185415267944,0.3079267144203186
6,Rice,0.20501208305358887,0.6637371182441711,0.7552412152290344,0.8884272575378418
7,Rice,0.4076557755470276,0.9924294948577881,0.06223207712173462,0.5228631496429443
8,Millet,0.9366857409477234,0.6044225096702576,0.14776533842086792,0.2379319667816162
9,Rice,0.3379330039024353,0.14852243661880493,0.6222161054611206,0.04562175273895264
0,Rice,0.12066137790679932,0.6443855166435242,0.15183913707733154,0.9417048096656799
1,Millet,0.3337675929069519,0.5310625433921814,0.8285495042800903,0.6512808799743652
2,Rice,0.8496866226196289,0.4631440043449402,0.9906190037727356,0.9597758054733276
3,Rice,0.15633118152618408,0.9550988674163818,0.13610374927520752,0.4600222706794739
4,Rice,0.07414591312408447,0.7359091639518738,0.6539360880851746,0.20217591524124146
5,Rice,0.1855546236038208,0.6330333352088928,0.9926395416259766,0.6469501256942749
6,Rice,0.5151875019073486,0.8941698670387268,0.9634050130844116,0.3649517893791199
7,Millet,0.3938596844673157,0.7152252793312073,0.36213523149490356,0.4160662293434143
8,Millet,0.9554638266563416,0.04598081111907959,0.005957543849945068,0.655243456363678
9,Millet,0.7371569275856018,0.39433741569519043,0.48260122537612915,0.14296948909759521
0,Millet,0.8066124320030212,0.227725088596344,0.2271348237991333,0.2807714343070984
1,Rice,0.7302624583244324,0.6476803421974182,0.4352734684944153,0.6582251191139221
2,Rice,0.44855523109436035,0.6178894639015198,0.5125269293785095,0.28919893503189087
3,Rice,0.6665404438972473,0.6100581884384155,0.7902023792266846,0.6030327081680298
4,Rice,0.20157665014266968,0.6094110608100891,0.919257402420044,0.27714622020721436
5,Millet,0.15431827306747437,0.3417314887046814,0.8655983209609985,0.24214863777160645
6,Millet,0.14676982164382935,0.6223257184028625,0.6706885099411011,0.15629231929779053
7,Millet,0.9941317439079285,0.20484578609466553,0.4730566143989563,0.8347836136817932
8,Millet,0.3327404856681824,0.614093542098999,0.7715412378311157,0.19739657640457153
9,Rice,0.2559940218925476,0.2601314187049866,0.7788193821907043,0.1013757586479187
0,Rice,0.26323390007019043,0.22389692068099976,0.9136446714401245,0.2679373621940613
1,Millet,0.8802655935287476,0.07142037153244019,0.2468053698539734,0.713224470615387
2,Rice,0.8229711651802063,0.604370653629303,0.9911959767341614,0.27297544479370117
3,Rice,0.622188925743103,0.6248778104782104,0.9312903881072998,0.22052431106567383
4,Millet,0.2943754196166992,0.024760067462921143,0.09219080209732056,0.5372911691665649
5,Millet,0.1622123122215271,0.5917832255363464,0.07701230049133301,0.825355589389801
6,Millet,0.6454083323478699,0.027529776096343994,0.8050227761268616,0.474101722240448
7,Millet,0.13436675071716309,0.5042287707328796,0.8910565972328186,0.24351513385772705
8,Millet,0.191167414188385,0.7464893460273743,0.30471205711364746,0.9426953196525574
9,Millet,0.27166080474853516,0.46944326162338257,0.5598225593566895,0.532803475856781
0,Rice,0.5471071004867554,0.5300929546356201,0.49785417318344116,0.05187922716140747
1,Rice,0.6702412366867065,0.2084510326385498,0.6015583872795105,0.17768436670303345
2,Rice,0.9133427739143372,0.7515465021133423,0.4395827651023865,0.2949351668357849
3,Millet,0.09428560733795166,0.19006210565567017,0.49241966009140015,0.43334436416625977
4,Millet,0.10452669858932495,0.5841977596282959,0.9416672587394714,0.24855434894561768
5,Millet,0.24264061450958252,0.45323801040649414,0.48143476247787476,0.9809912443161011
6,Rice,0.1385202407836914,0.4803839325904846,0.06684863567352295,0.372811496257782
7,Rice,0.40497511625289917,0.2006688117980957,0.6634356379508972,0.7858447432518005
8,Millet,0.1805087924003601,0.07218855619430542,0.57917720079422,0.28593355417251587
9,Rice,0.0029137730598449707,0.5889700055122375,0.2000632882118225,0.8662673830986023
